algorithm,num_beams,num_ues,avg_objective,std_objective,avg_runtime_ms,std_runtime_ms,avg_sinr_dB,min_sinr_dB,max_sinr_dB
GA,8,10,78.67684320198535,0.0,72.87418842315674,0.4278421401977539,23.6458797569458,14.968605074565495,33.97387847407644
PBIG,8,10,78.67684320198535,0.0,72.43943214416504,0.3185272216796875,23.6458797569458,14.968605074565495,33.97387847407644
GA,8,20,148.32011613319492,1.1258015122952685,106.3319444656372,0.16605854034423828,22.248133145977782,10.162050887609745,32.54420556901394
PBIG,8,20,150.7300005211188,0.0,106.20307922363281,0.4258155822753906,22.625939297704356,10.611092693007473,32.54420556901394
GA,8,30,200.15040831233472,1.7652929567251334,140.8330202102661,0.5980730056762695,19.94544458024098,6.7513266708683215,30.688876071222715
PBIG,8,30,198.78398238542258,1.1080769667849637,140.5637264251709,0.09942054748535156,19.791998518448914,5.183434755566868,30.688876071222715
